,efp,auc,ado
0,1_0_0_k_0.5_b_0.5,0.7754721811355104,0.8497799038887024
1,4_4_0_k_1_b_2,0.8112128797360337,0.8945402503013611
2,4_5_4_k_1_b_0.5,0.8054101718056662,0.9010578989982605
3,2_1_0_k_2_b_0.5,0.8159346910911368,0.8936213254928589
4,4_5_6_k_1_b_2,0.8108999886221414,0.8962341547012329
5,5_5_2_k_2_b_2,0.8195756058709751,0.9088005423545837
