,bs,auc
0,0,0.7927415050702722
1,1,0.7943313953488372
