,efp,auc,ado
0,4_5_6_k_2_b_0.5,0.8445681988282234,0.9522900581359864
