,efp,auc,ado
0,4_5_6_k_2_b_0.5,0.8445681988282234,0.9522900581359864
0,1_0_0_k_0.5_b_0.5,0.8668656444028381,0.9376720786094666
1,1_0_0_k_1_b_0.5,0.8599595526815731,0.9670682549476624
