,efp,auc,ado
0,4_5_6_k_2_b_0.5,0.8445681988282234,0.9522900581359864
0,1_0_0_k_0.5_b_0.5,0.8472886238529962,0.9156324863433838
