,bs,auc
0,0,0.9770169974559942
1,1,0.9772013864728881
2,2,0.9776769521955714
3,3,0.9780726788108465
4,4,0.9771518400052954
