,bs,auc
0,0,0.9429377827864445
1,1,0.9403748253910431
2,2,0.939821159601117
3,3,0.9389672234199284
4,4,0.9403067922637086
