,bs,auc
0,0,0.9679233328775562
1,1,0.9681773833161675
2,2,0.9686708081445564
3,3,0.96868059771037
4,4,0.9693830964507475
